Cafe Name,Time of Day,Estimated Speaker Age,Speaker Gender,Listener 1 Age,Listener1 Gender,Listener 2 Age,Listener 2 Gender,"Content Words (one word, not phrases)",Theme/Topic,"Formality (Informal, Neutral, Formal)",opt: clothing,opt: orders,opt: occupation,opt: native speaker?,Other notable details,,,,,,,,,,
Sprout Café,4:49PM - 9PM,37,Female,43,Male,N/A,N/A,Last night,Family,Neutral,"F: blazer, skirt M: nice jacket, jeans",Not noted,Unsure,"Both, yes",N/A,,,,,,,,,,
Sprout Café,4:49PM - 9PM,37,Female,43,Male,N/A,N/A,Dinner,Family,Neutral,"F: blazer, skirt M: nice jacket, jeans",Not noted,Unsure,"Both, yes",N/A,,,,,,,,,,
Sprout Café,4:49PM - 9PM,37,Female,43,Male,N/A,N/A,Mom,Family,Neutral,"F: blazer, skirt M: nice jacket, jeans",Not noted,Unsure,"Both, yes",N/A,,,,,,,,,,
Sprout Café,4:49PM - 9PM,37,Female,43,Male,N/A,N/A,Paper,Family,Neutral,"F: blazer, skirt M: nice jacket, jeans",Not noted,Unsure,"Both, yes",N/A,,,,,,,,,,
Sprout Café,4:49PM - 9PM,37,Female,43,Male,N/A,N/A,Package,Family,Neutral,"F: blazer, skirt M: nice jacket, jeans",Not noted,Unsure,"Both, yes",N/A,,,,,,,,,,
Sprout Café,4:49PM - 9PM,37,Female,43,Male,N/A,N/A,Rent,Family,Neutral,"F: blazer, skirt M: nice jacket, jeans",Not noted,Unsure,"Both, yes",N/A,,,,,,,,,,
Cafe Bistro,3:30 PM,35,Female,30,Female,30,Female,family,Trip to visit family,informal,casual,"Soup, salad, coffee",,,Familial relationship?,,,,,,,,,,
Cafe Bistro,3:30 PM,35,Female,30,Female,30,Female,visit,Trip to visit family,informal,casual,"Soup, salad, coffee",,,,,,,,,,,,,
Cafe Bistro,3:30 PM,35,Female,30,Female,30,Female,husband,Trip to visit family,informal,casual,"Soup, salad, coffee",,,,,,,,,,,,,
Cafe Bistro,3:30 PM,35,Female,30,Female,30,Female,driving,Trip to visit family,informal,casual,"Soup, salad, coffee",,,,,,,,,,,,,
Cafe Bistro,3:30 PM,35,Female,30,Female,30,Female,Colorado,Trip to visit family,informal,casual,"Soup, salad, coffee",,,,,,,,,,,,,
Cafe Bistro,3:30 PM,35,Female,30,Female,30,Female,dinner,Trip to visit family,informal,casual,"Soup, salad, coffee",,,,,,,,,,,,,
Cafe Bistro,3:30 PM,35,Female,30,Female,30,Female,cousins,Trip to visit family,informal,casual,"Soup, salad, coffee",,,,,,,,,,,,,
Cafe Bistro,3:30 PM,35,Female,30,Female,30,Female,relaxing,Trip to visit family,informal,casual,"Soup, salad, coffee",,,,,,,,,,,,,
Cafe Bistro,3:30 PM,35,Female,30,Female,30,Female,fun,Trip to visit family,informal,casual,"Soup, salad, coffee",,,,,,,,,,,,,
Cafe Bistro,3:30 PM,35,Female,30,Female,30,Female,vacation,Trip to visit family,informal,casual,"Soup, salad, coffee",,,,,,,,,,,,,
Cafe Bistro,3:30 PM,35,Female,30,Female,30,Female,mountains,Trip to visit family,informal,casual,"Soup, salad, coffee",,,,,,,,,,,,,
Cafe Bistro,3:30 PM,35,Female,30,Female,30,Female,cold,Trip to visit family,informal,casual,"Soup, salad, coffee",,,,,,,,,,,,,
Cafe Bistro,3:30 PM,35,Female,30,Female,30,Female,caffeine,Trip to visit family,informal,casual,"Soup, salad, coffee",,,,,,,,,,,,,
Cafe Bistro,3:30 PM,35,Female,30,Female,30,Female,well-known,Trip to visit family,informal,casual,"Soup, salad, coffee",,,,,,,,,,,,,
Cafe Bistro,3:30 PM,35,Female,30,Female,30,Female,school,Trip to visit family,informal,casual,"Soup, salad, coffee",,,,,,,,,,,,,
Cafe Bistro,3:30 PM,35,Female,30,Female,30,Female,busy,Trip to visit family,informal,casual,"Soup, salad, coffee",,,,,,,,,,,,,
Cafe Bistro,3:30 PM,35,Female,30,Female,30,Female,Halloween,Trip to visit family,informal,casual,"Soup, salad, coffee",,,,,,,,,,,,,
Cafe Bistro,3:30 PM,35,Female,30,Female,30,Female,kids,Trip to visit family,informal,casual,"Soup, salad, coffee",,,,,,,,,,,,,
Cafe Bistro,3:30 PM,35,Female,30,Female,30,Female,dressing up,Trip to visit family,informal,casual,"Soup, salad, coffee",,,,,,,,,,,,,
Cafe Bistro,3:30 PM,35,Female,30,Female,30,Female,beautiful,Trip to visit family,informal,casual,"Soup, salad, coffee",,,,,,,,,,,,,
Cafe Bistro,3:30 PM,35,Female,30,Female,30,Female,bonding,Trip to visit family,informal,casual,"Soup, salad, coffee",,,,,,,,,,,,,
Cafe Bistro,3:30 PM,35,Female,30,Female,30,Female,experience,Trip to visit family,informal,casual,"Soup, salad, coffee",,,,,,,,,,,,,
Cafe Bistro,3:30 PM,35,Female,30,Female,30,Female,tradition,Trip to visit family,informal,casual,"Soup, salad, coffee",,,,,,,,,,,,,
Cafe Bistro,3:30 PM,35,Female,30,Female,30,Female,necessary,Trip to visit family,informal,casual,"Soup, salad, coffee",,,,,,,,,,,,,
Sprout Café,1.23 pm.,70,Female,70,Female,,,stay,family,Informal,semi-casual,,,Y,,,,,,,,,,,
Peet's Coffee and Tea,3-4 PM,50,M,45,M,,,brunch,Family,informal,casual,,"engineer, unemployed",yes,British-like accent,,,,,,,,,,
Peet's Coffee and Tea,3-4 PM,50,M,45,M,,,roomates,Family,informal,casual,,"engineer, unemployed",yes,British-like accent,,,,,,,,,,
Peet's Coffee and Tea,3-4 PM,50,M,45,M,,,parents,Family,informal,casual,,"engineer, unemployed",yes,British-like accent,,,,,,,,,,
Peet's Coffee and Tea,3-4 PM,50,M,45,M,,,weekend,Family,informal,casual,,"engineer, unemployed",yes,British-like accent,,,,,,,,,,
Peet's Coffee and Tea,3-4 PM,50,M,45,M,,,needy,Family,informal,casual,,"engineer, unemployed",yes,British-like accent,,,,,,,,,,
Peet's Coffee and Tea,3-4 PM,50,M,45,M,,,met,Family,informal,casual,,"engineer, unemployed",yes,British-like accent,,,,,,,,,,
Peet's Coffee and Tea,3-4 PM,50,M,45,M,,,briefly,Family,informal,casual,,"engineer, unemployed",yes,British-like accent,,,,,,,,,,
Peet's Coffee and Tea,3-4 PM,50,M,45,M,,,move,Family,informal,casual,,"engineer, unemployed",yes,British-like accent,,,,,,,,,,
Peet's Coffee and Tea,3-4 PM,50,M,45,M,,,typical,Family,informal,casual,,"engineer, unemployed",yes,British-like accent,,,,,,,,,,
Sprout Café,3.43 pm.,40,Female,30,Female,,,says,Friend or family,Neutral,casual,,,Y,,,,,,,,,,,
Starbucks,1:30 PM,35-45,Female,15-Dec,Female,5-Mar,Female,Daddy,General discussion among family,Informal,Mom had feather lined coat,,,Yes,"The mom literally called her 3-5 y/o daughter gross, then took a selfie with her, then the older daughter snapchatted her mom taking the selfie",,,,,,,,,,
Starbucks,1:30 PM,35-45,Female,15-Dec,Female,5-Mar,Female,Sit,General discussion among family,Informal,Mom had feather lined coat,,,Yes,"The mom literally called her 3-5 y/o daughter gross, then took a selfie with her, then the older daughter snapchatted her mom taking the selfie",,,,,,,,,,
Starbucks,1:30 PM,35-45,Female,15-Dec,Female,5-Mar,Female,Stop,General discussion among family,Informal,Mom had feather lined coat,,,Yes,"The mom literally called her 3-5 y/o daughter gross, then took a selfie with her, then the older daughter snapchatted her mom taking the selfie",,,,,,,,,,
Starbucks,1:30 PM,35-45,Female,15-Dec,Female,5-Mar,Female,Look,General discussion among family,Informal,Mom had feather lined coat,,,Yes,"The mom literally called her 3-5 y/o daughter gross, then took a selfie with her, then the older daughter snapchatted her mom taking the selfie",,,,,,,,,,
Starbucks,1:30 PM,35-45,Female,15-Dec,Female,5-Mar,Female,Doggy,General discussion among family,Informal,Mom had feather lined coat,,,Yes,"The mom literally called her 3-5 y/o daughter gross, then took a selfie with her, then the older daughter snapchatted her mom taking the selfie",,,,,,,,,,
Starbucks,1:30 PM,35-45,Female,15-Dec,Female,5-Mar,Female,iPad,General discussion among family,Informal,Mom had feather lined coat,,,Yes,"The mom literally called her 3-5 y/o daughter gross, then took a selfie with her, then the older daughter snapchatted her mom taking the selfie",,,,,,,,,,
Starbucks,1:30 PM,35-45,Female,15-Dec,Female,5-Mar,Female,Please,General discussion among family,Informal,Mom had feather lined coat,,,Yes,"The mom literally called her 3-5 y/o daughter gross, then took a selfie with her, then the older daughter snapchatted her mom taking the selfie",,,,,,,,,,
Starbucks,1:30 PM,35-45,Female,15-Dec,Female,5-Mar,Female,Play,General discussion among family,Informal,Mom had feather lined coat,,,Yes,"The mom literally called her 3-5 y/o daughter gross, then took a selfie with her, then the older daughter snapchatted her mom taking the selfie",,,,,,,,,,
Starbucks,1:30 PM,35-45,Female,15-Dec,Female,5-Mar,Female,Watch,General discussion among family,Informal,Mom had feather lined coat,,,Yes,"The mom literally called her 3-5 y/o daughter gross, then took a selfie with her, then the older daughter snapchatted her mom taking the selfie",,,,,,,,,,
Starbucks,1:30 PM,35-45,Female,15-Dec,Female,5-Mar,Female,Fun,General discussion among family,Informal,Mom had feather lined coat,,,Yes,"The mom literally called her 3-5 y/o daughter gross, then took a selfie with her, then the older daughter snapchatted her mom taking the selfie",,,,,,,,,,
Starbucks,1:30 PM,35-45,Female,15-Dec,Female,5-Mar,Female,Smile,General discussion among family,Informal,Mom had feather lined coat,,,Yes,"The mom literally called her 3-5 y/o daughter gross, then took a selfie with her, then the older daughter snapchatted her mom taking the selfie",,,,,,,,,,
Starbucks,1:30 PM,35-45,Female,15-Dec,Female,5-Mar,Female,Ew,General discussion among family,Informal,Mom had feather lined coat,,,Yes,"The mom literally called her 3-5 y/o daughter gross, then took a selfie with her, then the older daughter snapchatted her mom taking the selfie",,,,,,,,,,
Starbucks,1:30 PM,35-45,Female,15-Dec,Female,5-Mar,Female,Gross,General discussion among family,Informal,Mom had feather lined coat,,,Yes,"The mom literally called her 3-5 y/o daughter gross, then took a selfie with her, then the older daughter snapchatted her mom taking the selfie",,,,,,,,,,
Starbucks,1:30 PM,35-45,Female,15-Dec,Female,5-Mar,Female,*takes selfie*,General discussion among family,Informal,Mom had feather lined coat,,,Yes,"The mom literally called her 3-5 y/o daughter gross, then took a selfie with her, then the older daughter snapchatted her mom taking the selfie",,,,,,,,,,
Starbucks,1:30 PM,35-45,Female,15-Dec,Female,5-Mar,Female,Number,General discussion among family,Informal,Mom had feather lined coat,,,Yes,"The mom literally called her 3-5 y/o daughter gross, then took a selfie with her, then the older daughter snapchatted her mom taking the selfie",,,,,,,,,,
Starbucks,1:30 PM,35-45,Female,15-Dec,Female,5-Mar,Female,Leave,General discussion among family,Informal,Mom had feather lined coat,,,Yes,"The mom literally called her 3-5 y/o daughter gross, then took a selfie with her, then the older daughter snapchatted her mom taking the selfie",,,,,,,,,,
Starbucks,1:30 PM,15-Dec,Female,35-45,Female,5-Mar,Female,Want,General discussion among family,Informal,Mom had feather lined coat,,,Yes,"The mom literally called her 3-5 y/o daughter gross, then took a selfie with her, then the older daughter snapchatted her mom taking the selfie",,,,,,,,,,
Starbucks,1:30 PM,15-Dec,Female,35-45,Female,5-Mar,Female,Weird,General discussion among family,Informal,Mom had feather lined coat,,,Yes,"The mom literally called her 3-5 y/o daughter gross, then took a selfie with her, then the older daughter snapchatted her mom taking the selfie",,,,,,,,,,
Starbucks,1:30 PM,15-Dec,Female,35-45,Female,5-Mar,Female,Like,General discussion among family,Informal,Mom had feather lined coat,,,Yes,"The mom literally called her 3-5 y/o daughter gross, then took a selfie with her, then the older daughter snapchatted her mom taking the selfie",,,,,,,,,,
Starbucks,1:30 PM,15-Dec,Female,35-45,Female,5-Mar,Female,Hair,General discussion among family,Informal,Mom had feather lined coat,,,Yes,"The mom literally called her 3-5 y/o daughter gross, then took a selfie with her, then the older daughter snapchatted her mom taking the selfie",,,,,,,,,,
Starbucks,1:30 PM,15-Dec,Female,35-45,Female,5-Mar,Female,Taking,General discussion among family,Informal,Mom had feather lined coat,,,Yes,"The mom literally called her 3-5 y/o daughter gross, then took a selfie with her, then the older daughter snapchatted her mom taking the selfie",,,,,,,,,,
Starbucks,1:30 PM,15-Dec,Female,35-45,Female,5-Mar,Female,Selfie,General discussion among family,Informal,Mom had feather lined coat,,,Yes,"The mom literally called her 3-5 y/o daughter gross, then took a selfie with her, then the older daughter snapchatted her mom taking the selfie",,,,,,,,,,
Starbucks,1:30 PM,15-Dec,Female,35-45,Female,5-Mar,Female,Need,General discussion among family,Informal,Mom had feather lined coat,,,Yes,"The mom literally called her 3-5 y/o daughter gross, then took a selfie with her, then the older daughter snapchatted her mom taking the selfie",,,,,,,,,,
Starbucks,1:30 PM,15-Dec,Female,35-45,Female,5-Mar,Female,Snap (verb Snapchat),General discussion among family,Informal,Mom had feather lined coat,,,Yes,"The mom literally called her 3-5 y/o daughter gross, then took a selfie with her, then the older daughter snapchatted her mom taking the selfie",,,,,,,,,,
Starbucks,1:30 PM,15-Dec,Female,35-45,Female,5-Mar,Female,Look,General discussion among family,Informal,Mom had feather lined coat,,,Yes,"The mom literally called her 3-5 y/o daughter gross, then took a selfie with her, then the older daughter snapchatted her mom taking the selfie",,,,,,,,,,
Starbucks,1:30 PM,15-Dec,Female,35-45,Female,5-Mar,Female,Screen,General discussion among family,Informal,Mom had feather lined coat,,,Yes,"The mom literally called her 3-5 y/o daughter gross, then took a selfie with her, then the older daughter snapchatted her mom taking the selfie",,,,,,,,,,
Starbucks,1:30 PM,15-Dec,Female,35-45,Female,5-Mar,Female,Computer,General discussion among family,Informal,Mom had feather lined coat,,,Yes,"The mom literally called her 3-5 y/o daughter gross, then took a selfie with her, then the older daughter snapchatted her mom taking the selfie",,,,,,,,,,
Starbucks,1:30 PM,15-Dec,Female,35-45,Female,5-Mar,Female,Apple,General discussion among family,Informal,Mom had feather lined coat,,,Yes,"The mom literally called her 3-5 y/o daughter gross, then took a selfie with her, then the older daughter snapchatted her mom taking the selfie",,,,,,,,,,
Starbucks,1:30 PM,15-Dec,Female,35-45,Female,5-Mar,Female,Store,General discussion among family,Informal,Mom had feather lined coat,,,Yes,"The mom literally called her 3-5 y/o daughter gross, then took a selfie with her, then the older daughter snapchatted her mom taking the selfie",,,,,,,,,,
Blue Bottle,5.00 pm (Sat),60,M,40,M,N/A,N/A,Son,Family,Neutral,Polo/bomber jacket,Green tea,N/A (Consultant?),No - French,Extremely thoughtful,,,,,,,,,,
Blue Bottle,5.00 pm (Sat),60,M,40,M,N/A,N/A,Occupation,Family,Neutral,Polo/bomber jacket,Green tea,N/A (Consultant?),No - French,Extremely thoughtful,,,,,,,,,,
Blue Bottle,5.00 pm (Sat),60,M,40,M,N/A,N/A,Foreign,Family,Neutral,Polo/bomber jacket,Green tea,N/A (Consultant?),No - French,Extremely thoughtful,,,,,,,,,,
Paris Baguette,2:00 PM,30s,female,30s,female,,,sister-in-law,family,Casual,dressy casual,tea,,"both likely indian-american (based on dress and accent), probably bilingual/multi-lingual",,,,,,,,,,,
Paris Baguette,2:00 PM,30s,female,30s,female,,,second-nature,family,Casual,dressy casual,tea,,"both likely indian-american (based on dress and accent), probably bilingual/multi-lingual",,,,,,,,,,,
Paris Baguette,2:00 PM,30s,female,30s,female,,,call,family,Casual,dressy casual,tea,,"both likely indian-american (based on dress and accent), probably bilingual/multi-lingual",,,,,,,,,,,
Paris Baguette,2:00 PM,30s,female,30s,female,,,grandma,family,Casual,dressy casual,tea,,"both likely indian-american (based on dress and accent), probably bilingual/multi-lingual",,,,,,,,,,,
Paris Baguette,2:00 PM,30s,female,30s,female,,,importance,family,Casual,dressy casual,tea,,"both likely indian-american (based on dress and accent), probably bilingual/multi-lingual",,,,,,,,,,,
Paris Baguette,2:00 PM,30s,female,30s,female,,,sister-in-law,family,Casual,dressy casual,tea,,"both likely indian-american (based on dress and accent), probably bilingual/multi-lingual",,,,,,,,,,,
Paris Baguette,2:00 PM,30s,female,30s,female,,,second-nature,family,Casual,dressy casual,tea,,"both likely indian-american (based on dress and accent), probably bilingual/multi-lingual",,,,,,,,,,,
Paris Baguette,2:00 PM,30s,female,30s,female,,,call,family,Casual,dressy casual,tea,,"both likely indian-american (based on dress and accent), probably bilingual/multi-lingual",,,,,,,,,,,
Paris Baguette,2:00 PM,30s,female,30s,female,,,grandma,family,Casual,dressy casual,tea,,"both likely indian-american (based on dress and accent), probably bilingual/multi-lingual",,,,,,,,,,,
Paris Baguette,2:00 PM,30s,female,30s,female,,,importance,family,Casual,dressy casual,tea,,"both likely indian-american (based on dress and accent), probably bilingual/multi-lingual",,,,,,,,,,,
Corner Bakery,3:00-5:00pm,55,Female,55,Male,55,Female,angry,family conflict,Informal,,,,,,,,,,,,,,,
Corner Bakery,3:00-5:00pm,,Female,55,Male,55,Female,comforter,family conflict,Informal,,,,,,,,,,,,,,,
Corner Bakery,3:00-5:00pm,,Female,55,Male,55,Female,five-year-old,family conflict,Informal,,,,,,,,,,,,,,,
Corner Bakery,3:00-5:00pm,,Female,55,Male,55,Female,flapping,family conflict,Informal,,,,,,,,,,,,,,,
Corner Bakery,3:00-5:00pm,,Female,55,Male,55,Female,cursing,family conflict,Informal,,,,,,,,,,,,,,,
Corner Bakery,3:00-5:00pm,,Female,55,Male,55,Female,whoah!,family conflict,Informal,,,,,,,,,,,,,,,
Corner Bakery,3:00-5:00pm,,Female,55,Male,55,Female,trouble,family conflict,Informal,,,,,,,,,,,,,,,
Corner Bakery,3:00-5:00pm,,Female,55,Male,55,Female,emergency,family conflict,Informal,,,,,,,,,,,,,,,
Corner Bakery,3:00-5:00pm,,Female,55,Male,55,Female,therapist,family conflict,Informal,,,,,,,,,,,,,,,
Corner Bakery,3:00-5:00pm,,Female,55,Male,55,Female,school director,family conflict,Informal,,,,,,,,,,,,,,,
Corner Bakery,3:00-5:00pm,,Female,55,Male,55,Female,grounded,family conflict,Informal,,,,,,,,,,,,,,,
Corner Bakery,3:00-5:00pm,,Female,55,Male,55,Female,serious,family conflict,Informal,,,,,,,,,,,,,,,
Corner Bakery,3:00-5:00pm,,Female,55,Male,55,Female,concerns,family conflict,Informal,,,,,,,,,,,,,,,
Corner Bakery,3:00-5:00pm,,Female,55,Male,55,Female,choices,family conflict,Informal,,,,,,,,,,,,,,,
Corner Bakery,3:00-5:00pm,,Female,55,Male,55,Female,questions,family conflict,Informal,,,,,,,,,,,,,,,
Corner Bakery,3:00-5:00pm,,Female,55,Male,55,Female,angry,family conflict,Informal,,,,,,,,,,,,,,,
Corner Bakery,3:00-5:00pm,,Female,55,Male,55,Female,argument,family conflict,Informal,,,,,,,,,,,,,,,
Corner Bakery,3:00-5:00pm,,Female,55,Male,55,Female,self,family conflict,Informal,,,,,,,,,,,,,,,
Corner Bakery,3:00-5:00pm,,Female,55,Male,55,Female,struggle,family conflict,Informal,,,,,,,,,,,,,,,
Corner Bakery,3:00-5:00pm,,Female,55,Male,55,Female,training,family conflict,Informal,,,,,,,,,,,,,,,
Corner Bakery,3:00-5:00pm,,Female,55,Male,55,Female,silver lining,family conflict,Informal,,,,,,,,,,,,,,,
Corner Bakery,3:00-5:00pm,,Female,55,Male,55,Female,behavioral,family conflict,Informal,,,,,,,,,,,,,,,
Corner Bakery,3:00-5:00pm,,Female,55,Male,55,Female,lie,family conflict,Informal,,,,,,,,,,,,,,,
Corner Bakery,3:00-5:00pm,55,Female,55,Male,55,Female,home,family conflict,informal,,,,,,,,,,,,,,,
Corner Bakery,3:00-5:00pm,55,Female,55,Male,55,Female,problem,family conflict,informal,,,,,,,,,,,,,,,
Corner Bakery,3:00-5:00pm,55,Female,55,Male,55,Female,yelling,family conflict,informal,,,,,,,,,,,,,,,
Corner Bakery,3:00-5:00pm,55,Female,55,Male,55,Female,teenager,family conflict,informal,,,,,,,,,,,,,,,
Corner Bakery,3:00-5:00pm,55,Female,55,Male,55,Female,liar,family conflict,informal,,,,,,,,,,,,,,,
Corner Bakery,3:00-5:00pm,55,Female,55,Male,55,Female,judge,family conflict,informal,,,,,,,,,,,,,,,
Corner Bakery,3:00-5:00pm,55,Female,55,Male,55,Female,heal,family conflict,informal,,,,,,,,,,,,,,,
Corner Bakery,3:00-5:00pm,55,Female,55,Male,55,Female,sobbing,family conflict,informal,,,,,,,,,,,,,,,
Corner Bakery,3:00-5:00pm,55,Female,55,Male,55,Female,frustration,family conflict,informal,,,,,,,,,,,,,,,
Corner Bakery,3:00-5:00pm,55,Female,55,Male,55,Female,separation,family conflict,informal,,,,,,,,,,,,,,,
Corner Bakery,3:00-5:00pm,55,Female,55,Male,55,Female,accountable,family conflict,informal,,,,,,,,,,,,,,,
Corner Bakery,3:00-5:00pm,55,Female,55,Male,55,Female,mistake,family conflict,informal,,,,,,,,,,,,,,,
Corner Bakery,3:00-5:00pm,55,Female,55,Male,55,Female,change,family conflict,informal,,,,,,,,,,,,,,,
Corner Bakery,3:00-5:00pm,55,Female,55,Male,55,Female,bottom line,family conflict,informal,,,,,,,,,,,,,,,
Corner Bakery,3:00-5:00pm,55,Female,55,Male,55,Female,storming,family conflict,informal,,,,,,,,,,,,,,,
Corner Bakery,3:00-5:00pm,55,Female,55,Male,55,Female,court,family conflict,informal,"baseball cap, jeans,",,,,,,,,,,,,,,
Corner Bakery,3:00-5:00pm,55,Female,55,Male,55,Female,reasonable,family conflict,informal,,,,,,,,,,,,,,,
Corner Bakery,3:00-5:00pm,55,Female,55,Male,55,Female,doubt,family conflict,informal,,,,,,,,,,,,,,,
Corner Bakery,3:00-5:00pm,55,Female,55,Male,55,Female,consequences,family conflict,informal,,,,,,,,,,,,,,,
Corner Bakery,3:00-5:00pm,55,Female,55,Male,55,Female,family,family conflict,informal,,,,,,,,,,,,,,,
Corner Bakery,3:00-5:00pm,55,Female,55,Male,55,Female,bottom line,family conflict,informal,,,,,,,,,,,,,,,
Corner Bakery,3:00-5:00pm,55,Female,55,Male,55,Female,fist fight,family conflict,informal,,,,,,,,,,,,,,,
Corner Bakery,3:00-5:00pm,55,Female,55,Male,55,Female,abuse,family conflict,informal,,,,,,,,,,,,,,,
Corner Bakery,3:00-5:00pm,55,Female,55,Male,55,Female,court,family conflict,informal,,,,,,,,,,,,,,,
Corner Bakery,3:00-5:00pm,55,Female,55,Male,55,Female,fuck,family conflict,informal,,,,,,,,,,,,,,,
Corner Bakery,3:00-5:00pm,55,Female,55,Male,55,Female,responsibility,family conflict,informal,,,,,,,,,,,,,,,
Corner Bakery,3:00-5:00pm,55,Female,55,Male,55,Female,important,family conflict,informal,,,,,,,,,,,,,,,
Corner Bakery,3:00-5:00pm,55,Female,55,Male,55,Female,apologize,family conflict,informal,,,,,,,,,,,,,,,
Corner Bakery,3:00-5:00pm,55,Female,55,Male,55,Female,difference,family conflict,informal,,,,,,,,,,,,,,,
Corner Bakery,3:00-5:00pm,55,Female,55,Male,55,Female,control,family conflict,informal,,,,,,,,,,,,,,,
Corner Bakery,3:00-5:00pm,55,Female,55,Male,55,Female,house,family conflict,informal,,,,,,,,,,,,,,,
Corner Bakery,3:00-5:00pm,55,Female,55,Male,55,Female,choices,family conflict,informal,,,,,,,,,,,,,,,
Corner Bakery,3:00-5:00pm,55,Female,55,Male,55,Female,distasteful,family conflict,informal,,,,,,,,,,,,,,,
Corner Bakery,3:00-5:00pm,55,Female,55,Male,55,Female,unpleaseant,family conflict,informal,,,,,,,,,,,,,,,
Corner Bakery,3:00-5:00pm,55,Female,55,Male,55,Female,chores,family conflict,informal,,,,,,,,,,,,,,,
Corner Bakery,3:00-5:00pm,55,Female,55,Male,55,Female,complicated,family conflict,informal,,,,,,,,,,,,,,,
Corner Bakery,3:00-5:00pm,55,Female,55,Male,55,Female,iPhone6,family conflict,informal,,,,,,,,,,,,,,,
Corner Bakery,3:00-5:00pm,55,Female,55,Male,55,Female,suggestions,family conflict,informal,,,,,,,,,,,,,,,
Corner Bakery,3:00-5:00pm,55,Female,55,Male,55,Female,page,family conflict,informal,,,,,,,,,,,,,,,
Corner Bakery,3:00-5:00pm,55,Female,55,Male,55,Female,strange,family conflict,informal,,,,,,,,,,,,,,,
Corner Bakery,3:00-5:00pm,55,Female,55,Male,55,Female,precedents,family conflict,informal,,,,,,,,,,,,,,,
Corner Bakery,3:00-5:00pm,55,Female,55,Male,55,Female,disagreement,family conflict,informal,,,,,,,,,,,,,,,
Corner Bakery,3:00-5:00pm,55,Female,55,Male,55,Female,feeling,family conflict,informal,,,,,,,,,,,,,,,
Corner Bakery,3:00-5:00pm,55,Female,55,Male,55,Female,hurt,family conflict,informal,,,,,,,,,,,,,,,
Corner Bakery,3:00-5:00pm,55,Female,55,Male,55,Female,cops,family conflict,informal,,,,,,,,,,,,,,,
Corner Bakery,3:00-5:00pm,55,Female,55,Male,55,Female,flipped,family conflict,informal,,,,,,,,,,,,,,,
Corner Bakery,3:00-5:00pm,55,Female,55,Male,55,Female,minor,family conflict,informal,,,,,,,,,,,,,,,
Corner Bakery,3:00-5:00pm,55,Female,55,Male,55,Female,alpha dog,family conflict,informal,,,,,,,,,,,,,,,
Corner Bakery,3:00-5:00pm,55,Female,55,Male,55,Female,controller,family conflict,informal,,,,,,,,,,,,,,,
Corner Bakery,3:00-5:00pm,55,Female,55,Male,55,Female,trust,family conflict,informal,,,,,,,,,,,,,,,
Corner Bakery,3:00-5:00pm,55,Female,55,Male,55,Female,proud,family conflict,informal,,,,,,,,,,,,,,,
Corner Bakery,3:00-5:00pm,55,Female,55,Male,55,Female,pattern,family conflict,informal,,,,,,,,,,,,,,,
Corner Bakery,3:00-5:00pm,55,Female,55,Male,55,Female,football,family conflict,informal,,,,,,,,,,,,,,,
Corner Bakery,3:00-5:00pm,55,Female,55,Male,55,Female,James,family conflict,informal,,,,,,,,,,,,,,,
Corner Bakery,3:00-5:00pm,55,Female,55,Male,55,Female,Sam,family conflict,informal,,,,,,,,,,,,,,,
Corner Bakery,3:00-5:00pm,55,Female,55,Male,55,Female,trouble,family conflict,informal,,,,,,,,,,,,,,,
Corner Bakery,3:00-5:00pm,55,Female,55,Male,55,Female,prove,family conflict,informal,,,,,,,,,,,,,,,
Corner Bakery,3:00-5:00pm,55,Female,55,Male,55,Female,hit,family conflict,informal,,,,,,,,,,,,,,,
Corner Bakery,3:00-5:00pm,55,Female,55,Male,55,Female,focus,family conflict,informal,,,,,,,,,,,,,,,
Corner Bakery,3:00-5:00pm,55,Female,55,Male,55,Female,change,family conflict,informal,,,,,,,,,,,,,,,
Corner Bakery,3:00-5:00pm,55,Female,55,Male,55,Female,tolerated,family conflict,informal,,,,,,,,,,,,,,,
Corner Bakery,3:00-5:00pm,55,Female,55,Male,55,Female,recharged,family conflict,informal,,,,,,,,,,,,,,,
Corner Bakery,3:00-5:00pm,55,Female,55,Male,55,Female,slave labor,family conflict,informal,,,,,,,,,,,,,,,
Peet's,11:00-12:00 pm,65,Female,25,Female,,,uh-huh,Family problems,Informal,,,,,,,,,,,,,,,
Peet's,11:00-12:00 pm,60,Female,25,Male,,,it's been tough,Family problems,Informal,,,,,,,,,,,,,,,
Peet's,11:00-12:00 pm,60,Female,25,Male,,,she doesn't talk to me,Family problems,Informal,,,,,,,,,,,,,,,
Peet's Coffee,3:41,18-25,Female,18-25,Female,N/A,N/A,brother,family,Informal,,,,,,,,,,,,,,,
Peet's Coffee,3:41,18-25,Female,18-25,Female,N/A,N/A,same,family,informal,,,,,,,,,,,,,,,
La Baguette,3:30,Mid/Late 20's,Female,Mid/Late 20's,Male,,,want a family and kids,Family life vs work,neutral,"Man- plaid shirt, jeans, tennies; Woman- sandals, dress, dark eyeshadow",Both had starbucks drinks but were sitting at this cafe,,,,,,,,,,,,,
La Baguette,3:30,Mid/Late 20's,Female,Mid/Late 20's,Male,,,cut down hours,Family life vs work,neutral,"Man- plaid shirt, jeans, tennies; Woman- sandals, dress, dark eyeshadow",Both had starbucks drinks but were sitting at this cafe,,,,,,,,,,,,,
La Baguette,3:30,Mid/Late 20's,Female,Mid/Late 20's,Male,,,wouldn't sacrifice time with kids,Family life vs work,neutral,"Man- plaid shirt, jeans, tennies; Woman- sandals, dress, dark eyeshadow",Both had starbucks drinks but were sitting at this cafe,,,,,,,,,,,,,
La Baguette,3:00 PM,50's,Female,50's,Female,,,What are you up to today?,Family; Holidays; Social Media,neutral,"fitbit, dress, black cardigan, black flats",,,,,,,,,,,,,,
La Baguette,3:00 PM,50's,Female,50's,Female,,,chocolate,Family; Holidays; Social Media,neutral,"red cardigan, hair up, dress, scarf, sandals",,,,,,,,,,,,,,
La Baguette,3:00 PM,50's,Female,50's,Female,,,Is it upstairs or downstairs?,Family; Holidays; Social Media,neutral,"red cardigan, hair up, dress, scarf, sandals",,,,,,,,,,,,,,
La Baguette,3:00 PM,50's,Female,50's,Female,,,Is he going to see you soon?,Family; Holidays; Social Media,neutral,"red cardigan, hair up, dress, scarf, sandals",,,,,,,,,,,,,,
La Baguette,3:00 PM,50's,Female,50's,Female,,,Are the girls coming for Thanksgiving?,Family; Holidays; Social Media,neutral,"red cardigan, hair up, dress, scarf, sandals",,,,,,,,,,,,,,
La Baguette,3:00 PM,50's,Female,50's,Female,,,They're at Disneyland every third week,Family; Holidays; Social Media,neutral,"fitbit, dress, black cardigan, black flats",,,,,,,,,,,,,,
La Baguette,3:00 PM,50's,Female,50's,Female,,,Disneyland for Halloween,Family; Holidays; Social Media,neutral,"fitbit, dress, black cardigan, black flats",,,,,,,,,,,,,,
La Baguette,3:00 PM,50's,Female,50's,Female,,,They have the annual pass now,Family; Holidays; Social Media,neutral,"fitbit, dress, black cardigan, black flats",,,,,,,,,,,,,,
La Baguette,3:00 PM,50's,Female,50's,Female,,,We can't afford Disneyland tickets for Christmas,Family; Holidays; Social Media,neutral,"fitbit, dress, black cardigan, black flats",,,,,,,,,,,,,,
La Baguette,3:00 PM,50's,Female,50's,Female,,,They'll buy tickets if we buy hotel,Family; Holidays; Social Media,neutral,"fitbit, dress, black cardigan, black flats",,,,,,,,,,,,,,
La Baguette,3:00 PM,50's,Female,50's,Female,,,That's what we're doing,Family; Holidays; Social Media,neutral,"fitbit, dress, black cardigan, black flats",,,,,,,,,,,,,,
La Baguette,3:00 PM,50's,Female,50's,Female,,,I'm not allowed to buy Christmas presents,Family; Holidays; Social Media,neutral,"fitbit, dress, black cardigan, black flats",,,,,,,,,,,,,,
La Baguette,3:00 PM,50's,Female,50's,Female,,,We'll go there after we go to his mom's house,Family; Holidays; Social Media,neutral,"fitbit, dress, black cardigan, black flats",,,,,,,,,,,,,,
La Baguette,3:00 PM,50's,Female,50's,Female,,,Last year I bought them ten christmas presents,Family; Holidays; Social Media,neutral,"fitbit, dress, black cardigan, black flats",,,,,,,,,,,,,,
La Baguette,3:00 PM,50's,Female,50's,Female,,,How's your mom doing?,Family; Holidays; Social Media,neutral,"fitbit, dress, black cardigan, black flats",,,,,,,,,,,,,,
La Baguette,3:00 PM,50's,Female,50's,Female,,,Really well,Family; Holidays; Social Media,neutral,"fitbit, dress, black cardigan, black flats",,,,,,,,,,,,,,
La Baguette,3:00 PM,50's,Female,50's,Female,,,Good and bad days,Family; Holidays; Social Media,neutral,"fitbit, dress, black cardigan, black flats",,,,,,,,,,,,,,
La Baguette,3:00 PM,50's,Female,50's,Female,,,Going to live to be 120,Family; Holidays; Social Media,neutral,"fitbit, dress, black cardigan, black flats",,,,,,,,,,,,,,
La Baguette,3:00 PM,50's,Female,50's,Female,,,She's 96,Family; Holidays; Social Media,neutral,"fitbit, dress, black cardigan, black flats",,,,,,,,,,,,,,
La Baguette,3:00 PM,50's,Female,50's,Female,,,Sunday I'm coming back early morning flight,Family; Holidays; Social Media,neutral,"fitbit, dress, black cardigan, black flats",,,,,,,,,,,,,,
La Baguette,3:00 PM,50's,Female,50's,Female,,,Set yourself up for the worst,Family; Holidays; Social Media,neutral,"fitbit, dress, black cardigan, black flats",,,,,,,,,,,,,,
La Baguette,3:00 PM,50's,Female,50's,Female,,,My brother sends me a picture every Sunday,Family; Holidays; Social Media,neutral,"fitbit, dress, black cardigan, black flats",,,,,,,,,,,,,,
La Baguette,3:00 PM,50's,Female,50's,Female,,,I see how she's doing,Family; Holidays; Social Media,neutral,"fitbit, dress, black cardigan, black flats",,,,,,,,,,,,,,
La Baguette,3:00 PM,50's,Female,50's,Female,,,She has someone who comes everyday to visit her,Family; Holidays; Social Media,neutral,"fitbit, dress, black cardigan, black flats",,,,,,,,,,,,,,
La Baguette,3:00 PM,50's,Female,50's,Female,,,Sometimes she won't know who you are,Family; Holidays; Social Media,neutral,"fitbit, dress, black cardigan, black flats",,,,,,,,,,,,,,
La Baguette,3:00 PM,50's,Female,50's,Female,,,But she's happy and content where she is,Family; Holidays; Social Media,neutral,"fitbit, dress, black cardigan, black flats",,,,,,,,,,,,,,
La Baguette,3:00 PM,50's,Female,50's,Female,,,I have to call my brother,Family; Holidays; Social Media,neutral,"fitbit, dress, black cardigan, black flats",,,,,,,,,,,,,,
La Baguette,3:00 PM,50's,Female,50's,Female,,,Get new furniture,Family; Holidays; Social Media,neutral,"fitbit, dress, black cardigan, black flats",,,,,,,,,,,,,,
La Baguette,3:00 PM,50's,Female,50's,Female,,,But he doesn't want to,Family; Holidays; Social Media,neutral,"fitbit, dress, black cardigan, black flats",,,,,,,,,,,,,,
La Baguette,3:00 PM,50's,Female,50's,Female,,,Mom would pay for it,Family; Holidays; Social Media,neutral,"fitbit, dress, black cardigan, black flats",,,,,,,,,,,,,,
La Baguette,3:00 PM,50's,Female,50's,Female,,,It's still her house,Family; Holidays; Social Media,neutral,"fitbit, dress, black cardigan, black flats",,,,,,,,,,,,,,
La Baguette,3:00 PM,50's,Female,50's,Female,,,But he says no,Family; Holidays; Social Media,neutral,"fitbit, dress, black cardigan, black flats",,,,,,,,,,,,,,
La Baguette,3:00 PM,50's,Female,50's,Female,,,Ahsley is doing makeup for an independent film,Family; Holidays; Social Media,neutral,"fitbit, dress, black cardigan, black flats",,,,,,,,,,,,,,
La Baguette,3:00 PM,50's,Female,50's,Female,,,If they win contest they go to France,Family; Holidays; Social Media,neutral,"fitbit, dress, black cardigan, black flats",,,,,,,,,,,,,,
La Baguette,3:00 PM,50's,Female,50's,Female,,,Practicing makeup on Sarah,Family; Holidays; Social Media,neutral,"fitbit, dress, black cardigan, black flats",,,,,,,,,,,,,,
La Baguette,3:00 PM,50's,Female,50's,Female,,,She found it on Facebook,Family; Holidays; Social Media,neutral,"fitbit, dress, black cardigan, black flats",,,,,,,,,,,,,,
La Baguette,3:00 PM,50's,Female,50's,Female,,,I was uneasy,Family; Holidays; Social Media,neutral,"fitbit, dress, black cardigan, black flats",,,,,,,,,,,,,,
La Baguette,3:00 PM,50's,Female,50's,Female,,,She didn't know guy on Facebook,Family; Holidays; Social Media,neutral,"fitbit, dress, black cardigan, black flats",,,,,,,,,,,,,,
La Baguette,3:00 PM,50's,Female,50's,Female,,,Red flags going up,Family; Holidays; Social Media,neutral,"fitbit, dress, black cardigan, black flats",,,,,,,,,,,,,,
La Baguette,3:00 PM,50's,Female,50's,Female,,,I was at doctors office,Family; Holidays; Social Media,neutral,"fitbit, dress, black cardigan, black flats",,,,,,,,,,,,,,
La Baguette,3:00 PM,50's,Female,50's,Female,,,She texted me and checked in,Family; Holidays; Social Media,neutral,"fitbit, dress, black cardigan, black flats",,,,,,,,,,,,,,
La Baguette,3:00 PM,50's,Female,50's,Female,,,I snapchat,Family; Holidays; Social Media,neutral,"red cardigan, hair up, dress, scarf, sandals",,,,,,,,,,,,,,
La Baguette,3:00 PM,50's,Female,50's,Female,,,Is she divorced?,Family; Holidays; Social Media,neutral,"red cardigan, hair up, dress, scarf, sandals",,,,,,,,,,,,,,
La Baguette,3:00 PM,50's,Female,50's,Female,,,She's divorced with two boys in college,Family; Holidays; Social Media,neutral,"fitbit, dress, black cardigan, black flats",,,,,,,,,,,,,,
La Baguette,3:00 PM,50's,Female,50's,Female,,,I have two girls and she has two boys,Family; Holidays; Social Media,neutral,"fitbit, dress, black cardigan, black flats",,,,,,,,,,,,,,
La Baguette,3:00 PM,50's,Female,50's,Female,,,We were laughing,Family; Holidays; Social Media,neutral,"fitbit, dress, black cardigan, black flats",,,,,,,,,,,,,,
La Baguette,3:00 PM,50's,Female,50's,Female,,,Lets have them meet and set them up,Family; Holidays; Social Media,neutral,"fitbit, dress, black cardigan, black flats",,,,,,,,,,,,,,
La Baguette,3:00 PM,50's,Female,50's,Female,,,I said no we're not,Family; Holidays; Social Media,neutral,"fitbit, dress, black cardigan, black flats",,,,,,,,,,,,,,
La Baguette,3:00 PM,50's,Female,50's,Female,,,She worked with Vivian,Family; Holidays; Social Media,neutral,"fitbit, dress, black cardigan, black flats",,,,,,,,,,,,,,
La Baguette,3:00 PM,50's,Female,50's,Female,,,Should we stroll through Macy's?,Family; Holidays; Social Media,neutral,"fitbit, dress, black cardigan, black flats",,,,,,,,,,,,,,
La Baguette,3:00 PM,50's,Female,50's,Female,,,I just want to look at clothes,Family; Holidays; Social Media,neutral,"fitbit, dress, black cardigan, black flats",,,,,,,,,,,,,,
Cafe Venetia,1:30,35,Male,35,Male,,,old,Family,Informal,Casual,"Coffee, croissant, tea",Stanford professor,Yes,I think both professors at Stanford.,,,,,,,,,,
Cafe Venetia,1:30,35,Male,35,Male,,,two,Family,Informal,Casual,"Coffee, croissant, tea",,Yes,I think both professors at Stanford.,,,,,,,,,,
Cafe Venetia,1:30,35,Male,35,Male,,,expecting,Family,Informal,Casual,"Coffee, croissant, tea",,Yes,I think both professors at Stanford.,,,,,,,,,,
Cafe Venetia,1:30,35,Male,35,Male,,,second,Family,Informal,Casual,"Coffee, croissant, tea",,Yes,I think both professors at Stanford.,,,,,,,,,,
Cafe Venetia,1:30,35,Male,35,Male,,,daughter,Family,Informal,Casual,"Coffee, croissant, tea",,Yes,I think both professors at Stanford.,,,,,,,,,,
Cafe Venetia,1:30,35,Male,35,Male,,,gender,Family,Informal,Casual,"Coffee, croissant, tea",Stanford professor,Yes,I think both professors at Stanford.,,,,,,,,,,
Cafe Venetia,1:30,35,Male,35,Male,,,binary,Family,Informal,Casual,"Coffee, croissant, tea",Stanford professor,Yes,I think both professors at Stanford.,,,,,,,,,,
Cafe Venetia,1:30,35,Male,35,Male,,,progress,Family,Informal,Casual,"Coffee, croissant, tea",Stanford professor,Yes,I think both professors at Stanford.,,,,,,,,,,
Cafe Venetia,1:30,35,Male,35,Male,,,issues,Family,Informal,Casual,"Coffee, croissant, tea",Stanford professor,Yes,I think both professors at Stanford.,,,,,,,,,,
Cafe Venetia,1:30,35,Male,35,Male,,,pink,Family,Informal,Casual,"Coffee, croissant, tea",Stanford professor,Yes,I think both professors at Stanford.,,,,,,,,,,
Cafe Venetia,1:30,35,Male,35,Male,,,purple,Family,Informal,Casual,"Coffee, croissant, tea",,Yes,I think both professors at Stanford.,,,,,,,,,,
Cafe Venetia,1:30,35,Male,35,Male,,,animals,Family,Informal,Casual,"Coffee, croissant, tea",Stanford professor,Yes,I think both professors at Stanford.,,,,,,,,,,
Cafe Venetia,1:30,35,Male,35,Male,,,ears,Family,Informal,Casual,"Coffee, croissant, tea",Stanford professor,Yes,I think both professors at Stanford.,,,,,,,,,,
Cafe Venetia,1:30,35,Male,35,Male,,,onesie,Family,Informal,Casual,"Coffee, croissant, tea",Stanford professor,Yes,I think both professors at Stanford.,,,,,,,,,,
Cafe Venetia,1:30,35,Male,35,Male,,,wife,Family,Informal,Casual,"Coffee, croissant, tea",Stanford professor,Yes,I think both professors at Stanford.,,,,,,,,,,
Cafe Venetia,1:30,35,Male,35,Male,,,layman's,Family,Informal,Casual,,,Yes,,,,,,,,,,,
Peet's Coffee,11:00-12:00 pm,65,Female,25,Male,,,uh-huh,Family problems,Informal,Dresses,,,Yes,,,,,,,,,,,
Peet's Coffee,11:00-12:00 pm,60,Male,25,Male,,,it's been tough,Family problems,Informal,Dresses,,,Yes,,,,,,,,,,,
Peet's Coffee,11:00-12:00 pm,60,Female,25,Male,,,she doesn't talk to me,Family problems,Informal,casual,,,Yes,,,,,,,,,,,
Peet's Coffee,1:00-2:00 pm,65-70,Male,25,Female,,,pretty girl,Family time,Informal,casual,,,Accent,,,,,,,,,,,
Cafe Venetia,1:30,35,Male,35,Male,,,full-time,Work/Family,Informal,Casual,,,Yes,,,,,,,,,,,
Peet's Coffee & Tea,16:45,60,Female,55,Female,N/A,N/A,Stanford,"Holiday, politics, family life",casual,classy look: sweaters,Latte,N/A,Yes,Younger woman critical of Hillary email scandal,,,,,,,,,,
Peet's Coffee & Tea,16:45,60,Female,55,Female,N/A,N/A,spine,"Holiday, politics, family life",casual,classy look: sweaters,Latte,N/A,Yes,Younger woman critical of Hillary email scandal,,,,,,,,,,
Peet's Coffee & Tea,16:45,60,Female,55,Female,N/A,N/A,clinic,"Holiday, politics, family life",casual,classy look: sweaters,Latte,N/A,Yes,Younger woman critical of Hillary email scandal,,,,,,,,,,
Peet's Coffee & Tea,16:45,60,Female,55,Female,N/A,N/A,nurse,"Holiday, politics, family life",casual,classy look: sweaters,Latte,N/A,Yes,Younger woman critical of Hillary email scandal,,,,,,,,,,
Peet's Coffee & Tea,16:45,60,Female,55,Female,N/A,N/A,practitioner,"Holiday, politics, family life",casual,classy look: sweaters,Latte,N/A,Yes,Younger woman critical of Hillary email scandal,,,,,,,,,,
Peet's Coffee & Tea,16:45,60,Female,55,Female,N/A,N/A,x-ray,"Holiday, politics, family life",casual,classy look: sweaters,Latte,N/A,Yes,Younger woman critical of Hillary email scandal,,,,,,,,,,
Peet's Coffee & Tea,16:45,60,Female,55,Female,N/A,N/A,online,"Holiday, politics, family life",casual,classy look: sweaters,Latte,N/A,Yes,Younger woman critical of Hillary email scandal,,,,,,,,,,
Peet's Coffee & Tea,16:45,60,Female,55,Female,N/A,N/A,foot,"Holiday, politics, family life",casual,classy look: sweaters,Latte,N/A,Yes,Younger woman critical of Hillary email scandal,,,,,,,,,,
Peet's Coffee & Tea,16:45,60,Female,55,Female,N/A,N/A,surgeon,"Holiday, politics, family life",casual,classy look: sweaters,Latte,N/A,Yes,Younger woman critical of Hillary email scandal,,,,,,,,,,
Peet's Coffee & Tea,16:45,60,Female,55,Female,N/A,N/A,surgery,"Holiday, politics, family life",casual,classy look: sweaters,Latte,N/A,Yes,Younger woman critical of Hillary email scandal,,,,,,,,,,
Peet's Coffee & Tea,16:45,60,Female,55,Female,N/A,N/A,yard,"Holiday, politics, family life",casual,classy look: sweaters,Latte,N/A,Yes,Younger woman critical of Hillary email scandal,,,,,,,,,,
Peet's Coffee & Tea,16:45,60,Female,55,Female,N/A,N/A,bushes,"Holiday, politics, family life",casual,classy look: sweaters,Latte,N/A,Yes,Younger woman critical of Hillary email scandal,,,,,,,,,,
Peet's Coffee & Tea,16:45,60,Female,55,Female,N/A,N/A,neighbor,"Holiday, politics, family life",casual,classy look: sweaters,Latte,N/A,Yes,Younger woman critical of Hillary email scandal,,,,,,,,,,
Peet's Coffee & Tea,16:45,60,Female,55,Female,N/A,N/A,spider,"Holiday, politics, family life",casual,classy look: sweaters,Latte,N/A,Yes,Younger woman critical of Hillary email scandal,,,,,,,,,,
Peet's Coffee & Tea,16:45,60,Female,55,Female,N/A,N/A,block,"Holiday, politics, family life",casual,classy look: sweaters,Latte,N/A,Yes,Younger woman critical of Hillary email scandal,,,,,,,,,,
Peet's Coffee & Tea,16:45,60,Female,55,Female,N/A,N/A,party,"Holiday, politics, family life",casual,classy look: sweaters,Latte,N/A,Yes,Younger woman critical of Hillary email scandal,,,,,,,,,,
Peet's Coffee & Tea,16:45,60,Female,55,Female,N/A,N/A,story,"Holiday, politics, family life",casual,classy look: sweaters,Latte,N/A,Yes,Younger woman critical of Hillary email scandal,,,,,,,,,,
Peet's Coffee & Tea,16:45,60,Female,55,Female,N/A,N/A,job,"Holiday, politics, family life",casual,classy look: sweaters,Latte,N/A,Yes,Younger woman critical of Hillary email scandal,,,,,,,,,,
Peet's Coffee & Tea,16:45,60,Female,55,Female,N/A,N/A,hardware,"Holiday, politics, family life",casual,classy look: sweaters,Latte,N/A,Yes,Younger woman critical of Hillary email scandal,,,,,,,,,,
Peet's Coffee & Tea,16:45,60,Female,55,Female,N/A,N/A,software,"Holiday, politics, family life",casual,classy look: sweaters,Latte,N/A,Yes,Younger woman critical of Hillary email scandal,,,,,,,,,,
Peet's Coffee & Tea,16:45,60,Female,55,Female,N/A,N/A,thought,"Holiday, politics, family life",casual,classy look: sweaters,Latte,N/A,Yes,Younger woman critical of Hillary email scandal,,,,,,,,,,
Peet's Coffee & Tea,16:45,60,Female,55,Female,N/A,N/A,Jeff Bezos,"Holiday, politics, family life",casual,classy look: sweaters,Latte,N/A,Yes,Younger woman critical of Hillary email scandal,,,,,,,,,,
Peet's Coffee & Tea,16:45,60,Female,55,Female,N/A,N/A,airfare,"Holiday, politics, family life",casual,classy look: sweaters,Latte,N/A,Yes,Younger woman critical of Hillary email scandal,,,,,,,,,,
Peet's Coffee & Tea,16:45,60,Female,55,Female,N/A,N/A,booked,"Holiday, politics, family life",casual,classy look: sweaters,Latte,N/A,Yes,Younger woman critical of Hillary email scandal,,,,,,,,,,
Peet's Coffee & Tea,16:45,60,Female,55,Female,N/A,N/A,website,"Holiday, politics, family life",casual,classy look: sweaters,Latte,N/A,Yes,Younger woman critical of Hillary email scandal,,,,,,,,,,
Peet's Coffee & Tea,16:45,60,Female,55,Female,N/A,N/A,picture,"Holiday, politics, family life",casual,classy look: sweaters,Latte,N/A,Yes,Younger woman critical of Hillary email scandal,,,,,,,,,,
Peet's Coffee & Tea,16:45,60,Female,55,Female,N/A,N/A,husband,"Holiday, politics, family life",casual,classy look: sweaters,Latte,N/A,Yes,Younger woman critical of Hillary email scandal,,,,,,,,,,
Peet's Coffee & Tea,16:45,60,Female,55,Female,N/A,N/A,sister,"Holiday, politics, family life",casual,classy look: sweaters,Latte,N/A,Yes,Younger woman critical of Hillary email scandal,,,,,,,,,,
Peet's Coffee & Tea,16:45,60,Female,55,Female,N/A,N/A,interviewed,"Holiday, politics, family life",casual,classy look: sweaters,Latte,N/A,Yes,Younger woman critical of Hillary email scandal,,,,,,,,,,
Peet's Coffee & Tea,16:45,60,Female,55,Female,N/A,N/A,resource,"Holiday, politics, family life",casual,classy look: sweaters,Latte,N/A,Yes,Younger woman critical of Hillary email scandal,,,,,,,,,,
Peet's Coffee & Tea,16:45,60,Female,55,Female,N/A,N/A,problem,"Holiday, politics, family life",casual,classy look: sweaters,Latte,N/A,Yes,Younger woman critical of Hillary email scandal,,,,,,,,,,
Peet's Coffee & Tea,16:45,60,Female,55,Female,N/A,N/A,Hillary,"Holiday, politics, family life",casual,classy look: sweaters,Latte,N/A,Yes,Younger woman critical of Hillary email scandal,,,,,,,,,,
Peet's Coffee & Tea,16:45,60,Female,55,Female,N/A,N/A,campaign,"Holiday, politics, family life",casual,classy look: sweaters,Latte,N/A,Yes,Younger woman critical of Hillary email scandal,,,,,,,,,,
Peet's Coffee & Tea,16:45,60,Female,55,Female,N/A,N/A,substantive,"Holiday, politics, family life",casual,classy look: sweaters,Latte,N/A,Yes,Younger woman critical of Hillary email scandal,,,,,,,,,,
Peet's Coffee & Tea,16:45,60,Female,55,Female,N/A,N/A,divorcing,"Holiday, politics, family life",casual,classy look: sweaters,Latte,N/A,Yes,Younger woman critical of Hillary email scandal,,,,,,,,,,
Peet's Coffee & Tea,16:45,60,Female,55,Female,N/A,N/A,education,"Holiday, politics, family life",casual,classy look: sweaters,Latte,N/A,Yes,Younger woman critical of Hillary email scandal,,,,,,,,,,
Peet's Coffee & Tea,16:45,60,Female,55,Female,N/A,N/A,CEO,"Holiday, politics, family life",casual,classy look: sweaters,Latte,N/A,Yes,Younger woman critical of Hillary email scandal,,,,,,,,,,
Peet's Coffee & Tea,16:45,60,Female,55,Female,N/A,N/A,money,"Holiday, politics, family life",casual,classy look: sweaters,Latte,N/A,Yes,Younger woman critical of Hillary email scandal,,,,,,,,,,
Peet's Coffee & Tea,16:45,60,Female,55,Female,N/A,N/A,doctor,"Holiday, politics, family life",casual,classy look: sweaters,Latte,N/A,Yes,Younger woman critical of Hillary email scandal,,,,,,,,,,
Peet's Coffee & Tea,16:45,60,Female,55,Female,N/A,N/A,championship,"Holiday, politics, family life",casual,classy look: sweaters,Latte,N/A,Yes,Younger woman critical of Hillary email scandal,,,,,,,,,,
Peet's Coffee & Tea,16:45,60,Female,55,Female,N/A,N/A,redeemed,"Holiday, politics, family life",casual,classy look: sweaters,Latte,N/A,Yes,Younger woman critical of Hillary email scandal,,,,,,,,,,
Peet's Coffee & Tea,16:45,60,Female,55,Female,N/A,N/A,health-care,"Holiday, politics, family life",casual,classy look: sweaters,Latte,N/A,Yes,Younger woman critical of Hillary email scandal,,,,,,,,,,
Peet's Coffee & Tea,16:45,60,Female,55,Female,N/A,N/A,foot,"Holiday, politics, family life",casual,classy look: sweaters,Latte,N/A,Yes,Younger woman critical of Hillary email scandal,,,,,,,,,,
Peet's Coffee & Tea,16:45,60,Female,55,Female,N/A,N/A,candy,"Holiday, politics, family life",casual,classy look: sweaters,Latte,N/A,Yes,Younger woman critical of Hillary email scandal,,,,,,,,,,
Peet's Coffee & Tea,16:45,60,Female,55,Female,N/A,N/A,street,"Holiday, politics, family life",casual,classy look: sweaters,Latte,N/A,Yes,Younger woman critical of Hillary email scandal,,,,,,,,,,
Peet's Coffee & Tea,16:45,60,Female,55,Female,N/A,N/A,kids,"Holiday, politics, family life",casual,classy look: sweaters,Latte,N/A,Yes,Younger woman critical of Hillary email scandal,,,,,,,,,,
Peet's Coffee & Tea,16:45,60,Female,55,Female,N/A,N/A,children,"Holiday, politics, family life",casual,classy look: sweaters,Latte,N/A,Yes,Younger woman critical of Hillary email scandal,,,,,,,,,,
Peet's Coffee & Tea,16:45,60,Female,55,Female,N/A,N/A,hill,"Holiday, politics, family life",casual,classy look: sweaters,Latte,N/A,Yes,Younger woman critical of Hillary email scandal,,,,,,,,,,
Peet's Coffee & Tea,16:45,60,Female,55,Female,N/A,N/A,holiday,"Holiday, politics, family life",casual,classy look: sweaters,Latte,N/A,Yes,Younger woman critical of Hillary email scandal,,,,,,,,,,
Peet's Coffee & Tea,16:45,60,Female,55,Female,N/A,N/A,christmas,"Holiday, politics, family life",casual,classy look: sweaters,Latte,N/A,Yes,Younger woman critical of Hillary email scandal,,,,,,,,,,
Peet's Coffee & Tea,16:45,60,Female,55,Female,N/A,N/A,tree,"Holiday, politics, family life",casual,classy look: sweaters,Latte,N/A,Yes,Younger woman critical of Hillary email scandal,,,,,,,,,,
Peet's Coffee & Tea,16:45,60,Female,55,Female,N/A,N/A,lost,"Holiday, politics, family life",casual,classy look: sweaters,Latte,N/A,Yes,Younger woman critical of Hillary email scandal,,,,,,,,,,
Peet's Coffee & Tea,16:45,60,Female,55,Female,N/A,N/A,license,"Holiday, politics, family life",casual,classy look: sweaters,Latte,N/A,Yes,Younger woman critical of Hillary email scandal,,,,,,,,,,
Peet's Coffee & Tea,16:45,60,Female,55,Female,N/A,N/A,seizure,"Holiday, politics, family life",casual,classy look: sweaters,Latte,N/A,Yes,Younger woman critical of Hillary email scandal,,,,,,,,,,
Peet's Coffee & Tea,16:45,60,Female,55,Female,N/A,N/A,office,"Holiday, politics, family life",casual,classy look: sweaters,Latte,N/A,Yes,Younger woman critical of Hillary email scandal,,,,,,,,,,
Peet's Coffee & Tea,16:45,60,Female,55,Female,N/A,N/A,home,"Holiday, politics, family life",casual,classy look: sweaters,Latte,N/A,Yes,Younger woman critical of Hillary email scandal,,,,,,,,,,
Peet's Coffee & Tea,16:45,60,Female,55,Female,N/A,N/A,hurry,"Holiday, politics, family life",casual,classy look: sweaters,Latte,N/A,Yes,Younger woman critical of Hillary email scandal,,,,,,,,,,
Peet's Coffee & Tea,16:45,60,Female,55,Female,N/A,N/A,trick-or-treater,"Holiday, politics, family life",casual,classy look: sweaters,Latte,N/A,Yes,Younger woman critical of Hillary email scandal,,,,,,,,,,
Peet's Coffee & Tea,16:45,60,Female,55,Female,N/A,N/A,dinner,"Holiday, politics, family life",casual,classy look: sweaters,Latte,N/A,Yes,Younger woman critical of Hillary email scandal,,,,,,,,,,
Peet's Coffee & Tea,16:45,60,Female,55,Female,N/A,N/A,job,"Holiday, politics, family life",casual,classy look: sweaters,Latte,N/A,Yes,Younger woman critical of Hillary email scandal,,,,,,,,,,
Peet's Coffee & Tea,16:45,60,Female,55,Female,N/A,N/A,Stanford,"Holiday, politics, family life",casual,classy look: sweaters,Latte,N/A,Yes,Younger woman critical of Hillary email scandal,,,,,,,,,,
Peet's Coffee & Tea,16:45,60,Female,55,Female,N/A,N/A,résumé,"Holiday, politics, family life",casual,classy look: sweaters,Latte,N/A,Yes,Younger woman critical of Hillary email scandal,,,,,,,,,,
Peet's Coffee & Tea,16:45,60,Female,55,Female,N/A,N/A,Gates,"Holiday, politics, family life",casual,classy look: sweaters,Latte,N/A,Yes,Younger woman critical of Hillary email scandal,,,,,,,,,,
Peet's Coffee & Tea,16:45,60,Female,55,Female,N/A,N/A,money,"Holiday, politics, family life",casual,classy look: sweaters,Latte,N/A,Yes,Younger woman critical of Hillary email scandal,,,,,,,,,,
Peet's Coffee & Tea,16:45,60,Female,55,Female,N/A,N/A,message,"Holiday, politics, family life",casual,classy look: sweaters,Latte,N/A,Yes,Younger woman critical of Hillary email scandal,,,,,,,,,,
Peet's Coffee & Tea,16:45,60,Female,55,Female,N/A,N/A,email,"Holiday, politics, family life",casual,classy look: sweaters,Latte,N/A,Yes,Younger woman critical of Hillary email scandal,,,,,,,,,,
Peet's Coffee & Tea,16:45,60,Female,55,Female,N/A,N/A,Facebook,"Holiday, politics, family life",casual,classy look: sweaters,Latte,N/A,Yes,Younger woman critical of Hillary email scandal,,,,,,,,,,
Peet's Coffee & Tea,16:45,60,Female,55,Female,N/A,N/A,september,"Holiday, politics, family life",casual,classy look: sweaters,Latte,N/A,Yes,Younger woman critical of Hillary email scandal,,,,,,,,,,
Peet's Coffee & Tea,16:45,60,Female,55,Female,N/A,N/A,dollars,"Holiday, politics, family life",casual,classy look: sweaters,Latte,N/A,Yes,Younger woman critical of Hillary email scandal,,,,,,,,,,
Peet's Coffee & Tea,16:45,60,Female,55,Female,N/A,N/A,friend,"Holiday, politics, family life",casual,classy look: sweaters,Latte,N/A,Yes,Younger woman critical of Hillary email scandal,,,,,,,,,,
Peet's Coffee & Tea,16:45,60,Female,55,Female,N/A,N/A,Spanish,"Holiday, politics, family life",casual,classy look: sweaters,Latte,N/A,Yes,Younger woman critical of Hillary email scandal,,,,,,,,,,
Peet's Coffee & Tea,16:45,60,Female,55,Female,N/A,N/A,girl,"Holiday, politics, family life",casual,classy look: sweaters,Latte,N/A,Yes,Younger woman critical of Hillary email scandal,,,,,,,,,,
Peet's Coffee & Tea,16:45,60,Female,55,Female,N/A,N/A,women,"Holiday, politics, family life",casual,classy look: sweaters,Latte,N/A,Yes,Younger woman critical of Hillary email scandal,,,,,,,,,,
Peet's Coffee & Tea,16:45,60,Female,55,Female,N/A,N/A,periods,"Holiday, politics, family life",casual,classy look: sweaters,Latte,N/A,Yes,Younger woman critical of Hillary email scandal,,,,,,,,,,
Peet's Coffee & Tea,16:45,60,Female,55,Female,N/A,N/A,boyfriend,"Holiday, politics, family life",casual,classy look: sweaters,Latte,N/A,Yes,Younger woman critical of Hillary email scandal,,,,,,,,,,
Peet's Coffee & Tea,16:45,60,Female,55,Female,N/A,N/A,travelling,"Holiday, politics, family life",casual,classy look: sweaters,Latte,N/A,Yes,Younger woman critical of Hillary email scandal,,,,,,,,,,
Peet's Coffee & Tea,16:45,60,Female,55,Female,N/A,N/A,appliances,"Holiday, politics, family life",casual,classy look: sweaters,Latte,N/A,Yes,Younger woman critical of Hillary email scandal,,,,,,,,,,
Peet's Coffee & Tea,16:45,60,Female,55,Female,N/A,N/A,counter tops,"Holiday, politics, family life",casual,classy look: sweaters,Latte,N/A,Yes,Younger woman critical of Hillary email scandal,,,,,,,,,,
Peet's Coffee & Tea,16:45,60,Female,55,Female,N/A,N/A,kitchen,"Holiday, politics, family life",casual,classy look: sweaters,Latte,N/A,Yes,Younger woman critical of Hillary email scandal,,,,,,,,,,
Peet's Coffee & Tea,16:45,60,Female,55,Female,N/A,N/A,dining room,"Holiday, politics, family life",casual,classy look: sweaters,Latte,N/A,Yes,Younger woman critical of Hillary email scandal,,,,,,,,,,
Peet's Coffee & Tea,16:45,60,Female,55,Female,N/A,N/A,fired,"Holiday, politics, family life",casual,classy look: sweaters,Latte,N/A,Yes,Younger woman critical of Hillary email scandal,,,,,,,,,,
Peet's Coffee & Tea,16:45,60,Female,55,Female,N/A,N/A,drugs,"Holiday, politics, family life",casual,classy look: sweaters,Latte,N/A,Yes,Younger woman critical of Hillary email scandal,,,,,,,,,,
Peet's Coffee & Tea,16:45,60,Female,55,Female,N/A,N/A,lies,"Holiday, politics, family life",casual,classy look: sweaters,Latte,N/A,Yes,Younger woman critical of Hillary email scandal,,,,,,,,,,
Peet's Coffee & Tea,16:45,60,Female,55,Female,N/A,N/A,abusing,"Holiday, politics, family life",casual,classy look: sweaters,Latte,N/A,Yes,Younger woman critical of Hillary email scandal,,,,,,,,,,
Peet's Coffee & Tea,16:45,60,Female,55,Female,N/A,N/A,clients,"Holiday, politics, family life",casual,classy look: sweaters,Latte,N/A,Yes,Younger woman critical of Hillary email scandal,,,,,,,,,,
Peet's Coffee & Tea,16:45,60,Female,55,Female,N/A,N/A,lawyer,"Holiday, politics, family life",casual,classy look: sweaters,Latte,N/A,Yes,Younger woman critical of Hillary email scandal,,,,,,,,,,
Peet's Coffee & Tea,16:45,60,Female,55,Female,N/A,N/A,grotesque,"Holiday, politics, family life",casual,classy look: sweaters,Latte,N/A,Yes,Younger woman critical of Hillary email scandal,,,,,,,,,,
Peet's Coffee & Tea,16:45,60,Female,55,Female,N/A,N/A,bipolarness,"Holiday, politics, family life",casual,classy look: sweaters,Latte,N/A,Yes,Younger woman critical of Hillary email scandal,,,,,,,,,,
Peet's Coffee & Tea,16:45,60,Female,55,Female,N/A,N/A,episodes,"Holiday, politics, family life",casual,classy look: sweaters,Latte,N/A,Yes,Younger woman critical of Hillary email scandal,,,,,,,,,,
Peet's Coffee & Tea,16:45,60,Female,55,Female,N/A,N/A,people,"Holiday, politics, family life",casual,classy look: sweaters,Latte,N/A,Yes,Younger woman critical of Hillary email scandal,,,,,,,,,,
Peet's Coffee & Tea,16:45,60,Female,55,Female,N/A,N/A,schedule,"Holiday, politics, family life",casual,classy look: sweaters,Latte,N/A,Yes,Younger woman critical of Hillary email scandal,,,,,,,,,,
Peet's Coffee & Tea,16:45,60,Female,55,Female,N/A,N/A,Santa Monica,"Holiday, politics, family life",casual,classy look: sweaters,Latte,N/A,Yes,Younger woman critical of Hillary email scandal,,,,,,,,,,
Peet's Coffee & Tea,16:45,60,Female,55,Female,N/A,N/A,consulting,"Holiday, politics, family life",casual,classy look: sweaters,Latte,N/A,Yes,Younger woman critical of Hillary email scandal,,,,,,,,,,
Peet's Coffee & Tea,16:45,60,Female,55,Female,N/A,N/A,work,"Holiday, politics, family life",casual,classy look: sweaters,Latte,N/A,Yes,Younger woman critical of Hillary email scandal,,,,,,,,,,
Peet's Coffee & Tea,16:45,60,Female,55,Female,N/A,N/A,cheaper,"Holiday, politics, family life",casual,classy look: sweaters,Latte,N/A,Yes,Younger woman critical of Hillary email scandal,,,,,,,,,,
Peet's Coffee & Tea,16:45,60,Female,55,Female,N/A,N/A,Silicon Valley,"Holiday, politics, family life",casual,classy look: sweaters,Latte,N/A,Yes,Younger woman critical of Hillary email scandal,,,,,,,,,,
Peet's Coffee & Tea,16:45,60,Female,55,Female,N/A,N/A,random,"Holiday, politics, family life",casual,classy look: sweaters,Latte,N/A,Yes,Younger woman critical of Hillary email scandal,,,,,,,,,,
Peet's Coffee & Tea,16:45,60,Female,55,Female,N/A,N/A,young,"Holiday, politics, family life",casual,classy look: sweaters,Latte,N/A,Yes,Younger woman critical of Hillary email scandal,,,,,,,,,,
Peet's Coffee & Tea,16:45,60,Female,55,Female,N/A,N/A,adults,"Holiday, politics, family life",casual,classy look: sweaters,Latte,N/A,Yes,Younger woman critical of Hillary email scandal,,,,,,,,,,
Peet's Coffee & Tea,16:45,60,Female,55,Female,N/A,N/A,game,"Holiday, politics, family life",casual,classy look: sweaters,Latte,N/A,Yes,Younger woman critical of Hillary email scandal,,,,,,,,,,
Peet's Coffee & Tea,16:45,60,Female,55,Female,N/A,N/A,LA,"Holiday, politics, family life",casual,classy look: sweaters,Latte,N/A,Yes,Younger woman critical of Hillary email scandal,,,,,,,,,,
Peet's Coffee & Tea,16:45,60,Female,55,Female,N/A,N/A,Capetown,"Holiday, politics, family life",casual,classy look: sweaters,Latte,N/A,Yes,Younger woman critical of Hillary email scandal,,,,,,,,,,
Peet's Coffee & Tea,16:45,60,Female,55,Female,N/A,N/A,babies,"Holiday, politics, family life",casual,classy look: sweaters,Latte,N/A,Yes,Younger woman critical of Hillary email scandal,,,,,,,,,,
Peet's Coffee & Tea,16:45,60,Female,55,Female,N/A,N/A,brothers,"Holiday, politics, family life",casual,classy look: sweaters,Latte,N/A,Yes,Younger woman critical of Hillary email scandal,,,,,,,,,,
Peet's Coffee & Tea,16:45,60,Female,55,Female,N/A,N/A,marriage,"Holiday, politics, family life",casual,classy look: sweaters,Latte,N/A,Yes,Younger woman critical of Hillary email scandal,,,,,,,,,,
Peet's Coffee & Tea,16:45,60,Female,55,Female,N/A,N/A,emotional,"Holiday, politics, family life",casual,classy look: sweaters,Latte,N/A,Yes,Younger woman critical of Hillary email scandal,,,,,,,,,,
Peet's Coffee & Tea,16:45,60,Female,55,Female,N/A,N/A,graduation,"Holiday, politics, family life",casual,classy look: sweaters,Latte,N/A,Yes,Younger woman critical of Hillary email scandal,,,,,,,,,,
Peet's Coffee & Tea,16:45,60,Female,55,Female,N/A,N/A,baby,"Holiday, politics, family life",casual,classy look: sweaters,Latte,N/A,Yes,Younger woman critical of Hillary email scandal,,,,,,,,,,
Peet's Coffee & Tea,16:45,60,Female,55,Female,N/A,N/A,trip,"Holiday, politics, family life",casual,classy look: sweaters,Latte,N/A,Yes,Younger woman critical of Hillary email scandal,,,,,,,,,,
Peet's Coffee & Tea,16:45,60,Female,55,Female,N/A,N/A,American,"Holiday, politics, family life",casual,classy look: sweaters,Latte,N/A,Yes,Younger woman critical of Hillary email scandal,,,,,,,,,,
Peet's Coffee & Tea,16:45,60,Female,55,Female,N/A,N/A,months,"Holiday, politics, family life",casual,classy look: sweaters,Latte,N/A,Yes,Younger woman critical of Hillary email scandal,,,,,,,,,,
Peet's Coffee & Tea,16:45,60,Female,55,Female,N/A,N/A,creepy,"Holiday, politics, family life",casual,classy look: sweaters,Latte,N/A,Yes,Younger woman critical of Hillary email scandal,,,,,,,,,,
Peet's Coffee & Tea,16:45,60,Female,55,Female,N/A,N/A,dying,"Holiday, politics, family life",casual,classy look: sweaters,Latte,N/A,Yes,Younger woman critical of Hillary email scandal,,,,,,,,,,
Peet's Coffee & Tea,16:45,60,Female,55,Female,N/A,N/A,freaky,"Holiday, politics, family life",casual,classy look: sweaters,Latte,N/A,Yes,Younger woman critical of Hillary email scandal,,,,,,,,,,
Peet's Coffee & Tea,16:45,60,Female,55,Female,N/A,N/A,jinxing,"Holiday, politics, family life",casual,classy look: sweaters,Latte,N/A,Yes,Younger woman critical of Hillary email scandal,,,,,,,,,,
Peet's Coffee & Tea,16:45,60,Female,55,Female,N/A,N/A,seventy,"Holiday, politics, family life",casual,classy look: sweaters,Latte,N/A,Yes,Younger woman critical of Hillary email scandal,,,,,,,,,,
Peet's Coffee & Tea,16:45,60,Female,55,Female,N/A,N/A,remodelling,"Holiday, politics, family life",casual,classy look: sweaters,Latte,N/A,Yes,Younger woman critical of Hillary email scandal,,,,,,,,,,
Peet's Coffee & Tea,16:45,60,Female,55,Female,N/A,N/A,New York Times,"Holiday, politics, family life",casual,classy look: sweaters,Latte,N/A,Yes,Younger woman critical of Hillary email scandal,,,,,,,,,,
Peet's Coffee & Tea,16:45,60,Female,55,Female,N/A,N/A,circus,"Holiday, politics, family life",casual,classy look: sweaters,Latte,N/A,Yes,Younger woman critical of Hillary email scandal,,,,,,,,,,
Peet's Coffee & Tea,16:45,60,Female,55,Female,N/A,N/A,weekend,"Holiday, politics, family life",casual,classy look: sweaters,Latte,N/A,Yes,Younger woman critical of Hillary email scandal,,,,,,,,,,
Peet's Coffee & Tea,16:45,60,Female,55,Female,N/A,N/A,reopening,"Holiday, politics, family life",casual,classy look: sweaters,Latte,N/A,Yes,Younger woman critical of Hillary email scandal,,,,,,,,,,
Peet's Coffee & Tea,16:45,60,Female,55,Female,N/A,N/A,investigation,"Holiday, politics, family life",casual,classy look: sweaters,Latte,N/A,Yes,Younger woman critical of Hillary email scandal,,,,,,,,,,
Peet's Coffee & Tea,16:45,60,Female,55,Female,N/A,N/A,careless,"Holiday, politics, family life",casual,classy look: sweaters,Latte,N/A,Yes,Younger woman critical of Hillary email scandal,,,,,,,,,,
Peet's Coffee & Tea,16:45,60,Female,55,Female,N/A,N/A,case,"Holiday, politics, family life",casual,classy look: sweaters,Latte,N/A,Yes,Younger woman critical of Hillary email scandal,,,,,,,,,,
Peet's Coffee & Tea,16:45,60,Female,55,Female,N/A,N/A,laptop,"Holiday, politics, family life",casual,classy look: sweaters,Latte,N/A,Yes,Younger woman critical of Hillary email scandal,,,,,,,,,,
Peet's Coffee & Tea,16:45,60,Female,55,Female,N/A,N/A,high-speed,"Holiday, politics, family life",casual,classy look: sweaters,Latte,N/A,Yes,Younger woman critical of Hillary email scandal,,,,,,,,,,
Peet's Coffee & Tea,16:45,60,Female,55,Female,N/A,N/A,stupid,"Holiday, politics, family life",casual,classy look: sweaters,Latte,N/A,Yes,Younger woman critical of Hillary email scandal,,,,,,,,,,
Peet's Coffee & Tea,16:45,60,Female,55,Female,N/A,N/A,criminal,"Holiday, politics, family life",casual,classy look: sweaters,Latte,N/A,Yes,Younger woman critical of Hillary email scandal,,,,,,,,,,
Peet's Coffee & Tea,16:45,60,Female,55,Female,N/A,N/A,lazy,"Holiday, politics, family life",casual,classy look: sweaters,Latte,N/A,Yes,Younger woman critical of Hillary email scandal,,,,,,,,,,
Peet's Coffee & Tea,16:45,60,Female,55,Female,N/A,N/A,worried,"Holiday, politics, family life",casual,classy look: sweaters,Latte,N/A,Yes,Younger woman critical of Hillary email scandal,,,,,,,,,,
Peet's Coffee & Tea,16:45,60,Female,55,Female,N/A,N/A,high-gear,"Holiday, politics, family life",casual,classy look: sweaters,Latte,N/A,Yes,Younger woman critical of Hillary email scandal,,,,,,,,,,
Peet's Coffee & Tea,16:45,60,Female,55,Female,N/A,N/A,Trump,"Holiday, politics, family life",casual,classy look: sweaters,Latte,N/A,Yes,Younger woman critical of Hillary email scandal,,,,,,,,,,
Peet's Coffee & Tea,16:45,60,Female,55,Female,N/A,N/A,media,"Holiday, politics, family life",casual,classy look: sweaters,Latte,N/A,Yes,Younger woman critical of Hillary email scandal,,,,,,,,,,
Peet's Coffee & Tea,16:45,60,Female,55,Female,N/A,N/A,figurehead,"Holiday, politics, family life",casual,classy look: sweaters,Latte,N/A,Yes,Younger woman critical of Hillary email scandal,,,,,,,,,,
Peet's Coffee & Tea,16:45,60,Female,55,Female,N/A,N/A,unicorn,"Holiday, politics, family life",casual,classy look: sweaters,Latte,N/A,Yes,Younger woman critical of Hillary email scandal,,,,,,,,,,
Peet's Coffee & Tea,16:45,60,Female,55,Female,N/A,N/A,non-profits,"Holiday, politics, family life",casual,classy look: sweaters,Latte,N/A,Yes,Younger woman critical of Hillary email scandal,,,,,,,,,,
Peet's Coffee & Tea,16:45,60,Female,55,Female,N/A,N/A,local,"Holiday, politics, family life",casual,classy look: sweaters,Latte,N/A,Yes,Younger woman critical of Hillary email scandal,,,,,,,,,,
Peet's Coffee & Tea,16:45,60,Female,55,Female,N/A,N/A,heuristics,"Holiday, politics, family life",casual,classy look: sweaters,Latte,N/A,Yes,Younger woman critical of Hillary email scandal,,,,,,,,,,
Peet's Coffee & Tea,16:45,60,Female,55,Female,N/A,N/A,Congress,"Holiday, politics, family life",casual,classy look: sweaters,Latte,N/A,Yes,Younger woman critical of Hillary email scandal,,,,,,,,,,
Peet's Coffee & Tea,16:45,60,Female,55,Female,N/A,N/A,seat covers,"Holiday, politics, family life",casual,classy look: sweaters,Latte,N/A,Yes,Younger woman critical of Hillary email scandal,,,,,,,,,,
Peet's Coffee & Tea,16:45,60,Female,55,Female,N/A,N/A,puppy,"Holiday, politics, family life",casual,classy look: sweaters,Latte,N/A,Yes,Younger woman critical of Hillary email scandal,,,,,,,,,,
Peet's Coffee & Tea,16:45,60,Female,55,Female,N/A,N/A,toys,"Holiday, politics, family life",casual,classy look: sweaters,Latte,N/A,Yes,Younger woman critical of Hillary email scandal,,,,,,,,,,
Peet's Coffee & Tea,16:45,60,Female,55,Female,N/A,N/A,stuffed,"Holiday, politics, family life",casual,classy look: sweaters,Latte,N/A,Yes,Younger woman critical of Hillary email scandal,,,,,,,,,,
Peet's Coffee & Tea,16:45,60,Female,55,Female,N/A,N/A,animal,"Holiday, politics, family life",casual,classy look: sweaters,Latte,N/A,Yes,Younger woman critical of Hillary email scandal,,,,,,,,,,
Peet's Coffee & Tea,16:45,60,Female,55,Female,N/A,N/A,Oregon,"Holiday, politics, family life",casual,classy look: sweaters,Latte,N/A,Yes,Younger woman critical of Hillary email scandal,,,,,,,,,,
Coupa,5:15,40s,female,40s,female,N/A,N/A,car,Family,informal,,,,,,,,,,,,,,,
Coupa,5:15,40s,female,40s,female,N/A,N/A,school,Family,informal,,,,,,,,,,,,,,,
Coupa,5:15,40s,female,40s,female,N/A,N/A,morning,Family,informal,,,,,,,,,,,,,,,
Coupa,5:15,40s,female,40s,female,N/A,N/A,commute,Family,informal,,,,,,,,,,,,,,,
Coupa,5:15,40s,female,40s,female,N/A,N/A,work,Family,informal,,,,,,,,,,,,,,,
Coupa,5:15,40s,female,40s,female,N/A,N/A,sons,Family,informal,,,,,,,,,,,,,,,
Coupa,5:15,40s,female,40s,female,N/A,N/A,daughter,Family,informal,,,,,,,,,,,,,,,
Coupa,5:15,40s,female,40s,female,N/A,N/A,games,Family,informal,,,,,,,,,,,,,,,
Coupa,5:15,40s,female,40s,female,N/A,N/A,weekends,Family,informal,,,,,,,,,,,,,,,
Coupa Café (Lytton St.),1:00,40,Female,80,Female,,,Facebook,family,informal,,,,,,,,,,,,,,,
Coupa Café (Lytton St.),1:00,40,Female,80,Female,,,video,family,informal,,,,,,,,,,,,,,,
Coupa Café (Lytton St.),1:15,40,Female,12,Female,,,Netflix,family,informal,,,,,,,,,,,,,,,
Coupa Café (Lytton St.),1:15,40,Female,12,Female,,,iPad,family,informal,,,,,,,,,,,,,,,
Coupa Café (Lytton St.),1:30,12,Female,40,Female,,,app,family,informal,,,,,,,,,,,,,,,
Coupa Café (Lytton St.),1:30,12,Female,40,Female,,,reinstall,family,informal,,,,,,,,,,,,,,,
Philz (Forest Avenue),2:01 PM,Early 20s,Female,Early 20s,Male,,,Board games,Family,Informal,,,,,,,,,,,,,,,
Philz (Forest Avenue),2:01 PM,Early 20s,Female,Early 20s,Male,,,Baby,Family,Informal,,,,,,,,,,,,,,,
Philz,3:00 - 7:00 PM,30,Male,30,Female,N/A,N/A,Rob,Family,Informal,"T shirt, plaid shirt, both in jeans",Coffees,Unknown,,,,,,,,,,,,
Philz,3:00 - 7:00 PM,30,Male,30,Female,N/A,N/A,Unshackled,Family,Informal,"T shirt, plaid shirt, both in jeans",Coffees,Unknown,,,,,,,,,,,,
Philz,3:00 - 7:00 PM,30,Male,30,Female,N/A,N/A,Murder,Family,Informal,"T shirt, plaid shirt, both in jeans",Coffees,Unknown,,,,,,,,,,,,
Philz,3:00 - 7:00 PM,30,Male,30,Female,N/A,N/A,Cops,Family,Informal,"T shirt, plaid shirt, both in jeans",Coffees,Unknown,,,,,,,,,,,,
Philz,3:00 - 7:00 PM,30,Male,30,Female,N/A,N/A,Mom,Family,Informal,"T shirt, plaid shirt, both in jeans",Coffees,Unknown,,,,,,,,,,,,
Philz,3:00 - 7:00 PM,30,Male,30,Female,N/A,N/A,Wife,Family,Informal,"T shirt, plaid shirt, both in jeans",Coffees,Unknown,,,,,,,,,,,,
Philz,3:00 - 7:00 PM,30,Male,30,Female,N/A,N/A,Alzheimers,Family,Informal,"T shirt, plaid shirt, both in jeans",Coffees,Unknown,,,,,,,,,,,,
Philz,3:00 - 7:00 PM,30,Male,30,Female,N/A,N/A,Son,Family,Informal,"T shirt, plaid shirt, both in jeans",Coffees,Unknown,,,,,,,,,,,,
Philz,3:00 - 7:00 PM,30,Male,30,Female,N/A,N/A,House,Family,Informal,"T shirt, plaid shirt, both in jeans",Coffees,Unknown,,,,,,,,,,,,
Philz,3:00 - 7:00 PM,30,Male,30,Female,N/A,N/A,Biological,Family,Informal,"T shirt, plaid shirt, both in jeans",Coffees,Unknown,,,,,,,,,,,,
Philz,3:00 - 7:00 PM,30,Male,30,Female,N/A,N/A,Mother,Family,Informal,"T shirt, plaid shirt, both in jeans",Coffees,Unknown,,,,,,,,,,,,
Philz,3:00 - 7:00 PM,30,Male,30,Female,N/A,N/A,Children,Family,Informal,"T shirt, plaid shirt, both in jeans",Coffees,Unknown,,,,,,,,,,,,
Philz,3:00 - 7:00 PM,30,Male,30,Female,N/A,N/A,Clueless,Family,Informal,"T shirt, plaid shirt, both in jeans",Coffees,Unknown,,,,,,,,,,,,
Philz,3:00 - 7:00 PM,30,Male,30,Female,N/A,N/A,Advantage,Family,Informal,"T shirt, plaid shirt, both in jeans",Coffees,Unknown,,,,,,,,,,,,
Philz,3:00 - 7:00 PM,30,Male,30,Female,N/A,N/A,Lawyer,Family,Informal,"T shirt, plaid shirt, both in jeans",Coffees,Unknown,,,,,,,,,,,,
Philz,3:00 - 7:00 PM,30,Male,30,Female,N/A,N/A,Will,Family,Informal,"T shirt, plaid shirt, both in jeans",Coffees,Unknown,,,,,,,,,,,,
Philz,3:00 - 7:00 PM,30,Male,30,Female,N/A,N/A,Money,Family,Informal,"T shirt, plaid shirt, both in jeans",Coffees,Unknown,,,,,,,,,,,,
Philz,3:00 - 7:00 PM,30,Male,30,Female,N/A,N/A,Memorial,Family,Informal,"T shirt, plaid shirt, both in jeans",Coffees,Unknown,,,,,,,,,,,,
Philz,3:00 - 7:00 PM,30,Male,30,Female,N/A,N/A,Grandfather,Family,Informal,"T shirt, plaid shirt, both in jeans",Coffees,Unknown,,,,,,,,,,,,
Philz,3:00 - 7:00 PM,30,Male,30,Female,N/A,N/A,World,Family,Informal,"T shirt, plaid shirt, both in jeans",Coffees,Unknown,,,,,,,,,,,,
Philz,3:00 - 7:00 PM,30,Male,30,Female,N/A,N/A,War,Family,Informal,"T shirt, plaid shirt, both in jeans",Coffees,Unknown,,,,,,,,,,,,
Philz,3:00 - 7:00 PM,30,Male,30,Female,N/A,N/A,Boat,Family,Informal,"T shirt, plaid shirt, both in jeans",Coffees,Unknown,,,,,,,,,,,,
Philz,3:00 - 7:00 PM,30,Male,30,Female,N/A,N/A,Arizona,Family,Informal,"T shirt, plaid shirt, both in jeans",Coffees,Unknown,,,,,,,,,,,,
Philz,3:00 - 7:00 PM,30,Male,30,Female,N/A,N/A,Visit,Family,Informal,"T shirt, plaid shirt, both in jeans",Coffees,Unknown,,,,,,,,,,,,
Philz,3:00 - 7:00 PM,30,Male,30,Female,N/A,N/A,Grumpy,Family,Informal,"T shirt, plaid shirt, both in jeans",Coffees,Unknown,,,,,,,,,,,,
Philz,3:00 - 7:00 PM,30,Male,30,Female,N/A,N/A,Call,Family,Informal,"T shirt, plaid shirt, both in jeans",Coffees,Unknown,,,,,,,,,,,,
Philz,3:00 - 7:00 PM,30,Male,30,Female,N/A,N/A,Birthday,Family,Informal,"T shirt, plaid shirt, both in jeans",Coffees,Unknown,,,,,,,,,,,,
Philz,3:00 - 7:00 PM,30,Male,30,Female,N/A,N/A,Tahoe,Family,Informal,"T shirt, plaid shirt, both in jeans",Coffees,Unknown,,,,,,,,,,,,
Philz,3:00 - 7:00 PM,30,Male,30,Female,N/A,N/A,New Mexico,Family,Informal,"T shirt, plaid shirt, both in jeans",Coffees,Unknown,,,,,,,,,,,,
Philz,3:00 - 7:00 PM,30,Male,30,Female,N/A,N/A,Cold,Family,Informal,"T shirt, plaid shirt, both in jeans",Coffees,Unknown,,,,,,,,,,,,
Starbucks,3:00 PM,7,Female,45,Female,10,Male,drive,Family outing,Casual,,,Yes,,,,,,,,,,,,
Starbucks,3:00 PM,7,Female,45,Female,10,Male,car,Family outing,Casual,,,Yes,,,,,,,,,,,,
Starbucks,3:00 PM,7,Female,45,Female,10,Male,adventure,Family outing,Casual,,,Yes,,,,,,,,,,,,
Starbucks,3:00 PM,7,Female,45,Female,10,Male,explore,Family outing,Casual,,,Yes,,,,,,,,,,,,
Starbucks,3:00 PM,7,Female,45,Female,10,Male,plane,Family outing,Casual,,,Yes,,,,,,,,,,,,
Starbucks,3:00 PM,10,Male,45,Female,7,Female,no,Family outing,Casual,,,Yes,,,,,,,,,,,,
Starbucks,3:00 PM,10,Male,45,Female,7,Female,play,Family outing,Casual,,,Yes,,,,,,,,,,,,
Starbucks,3:10 PM,10,Male,45,Female,7,Female,football,Family outing,Casual,,,Yes,,,,,,,,,,,,
Starbucks,3:10 PM,10,Male,45,Female,7,Female,mum,Family outing,Casual,,,Yes,,,,,,,,,,,,
Starbucks,3:10 PM,10,Male,45,Female,7,Female,ok,Family outing,Casual,,,Yes,,,,,,,,,,,,
Starbucks,3:10 PM,45,Female,10,Male,7,Female,school,Family outing,Casual,,,Yes,,,,,,,,,,,,
Starbucks,3:10 PM,45,Female,10,Male,7,Female,friends,Family outing,Casual,,,Yes,,,,,,,,,,,,
Starbucks,3:10 PM,45,Female,10,Male,7,Female,playdate,Family outing,Casual,,,Yes,,,,,,,,,,,,
Starbucks,3:20 PM,45,Female,10,Male,7,Female,no,Family outing,Casual,,,Yes,,,,,,,,,,,,
Starbucks,3:20 PM,45,Female,10,Male,7,Female,homework,Family outing,Casual,,,Yes,,,,,,,,,,,,
Starbucks,3:20 PM,45,Female,10,Male,7,Female,karate,Family outing,Casual,,,Yes,,,,,,,,,,,,
Starbucks,3:20 PM,45,Female,10,Male,7,Female,practice,Family outing,Casual,,,Yes,,,,,,,,,,,,
Starbucks,3:20 PM,10,Male,45,Female,7,Female,no,Family outing,Casual,,,Yes,,,,,,,,,,,,
Starbucks,3:20 PM,10,Male,45,Female,7,Female,soccer,Family outing,Casual,,,Yes,,,,,,,,,,,,
Starbucks,3:20 PM,10,Male,45,Female,7,Female,friends,Family outing,Casual,,,Yes,,,,,,,,,,,,
Starbucks,3:30 PM,10,Male,45,Female,7,Female,adam,Family outing,Casual,,,Yes,,,,,,,,,,,,
Starbucks,3:30 PM,10,Male,45,Female,7,Female,park,Family outing,Casual,,,Yes,,,,,,,,,,,,
Starbucks,3:30 PM,7,Female,45,Female,10,Male,home,Family outing,Casual,,,Yes,,,,,,,,,,,,
Starbucks,3:30 PM,7,Female,45,Female,10,Male,eat,Family outing,Casual,,,Yes,,,,,,,,,,,,
Starbucks,3:30 PM,7,Female,45,Female,10,Male,breakfast,Family outing,Casual,,,Yes,,,,,,,,,,,,
Starbucks,3:30 PM,7,Female,45,Female,10,Male,lunch,Family outing,Casual,,,Yes,,,,,,,,,,,,
Starbucks,3:30 PM,7,Female,45,Female,10,Male,pasta,Family outing,Casual,,,Yes,,,,,,,,,,,,
Starbucks,3:30 PM,7,Female,45,Female,10,Male,shrimp,Family outing,Casual,,,Yes,,,,,,,,,,,,
Fraîche,10:15,35,Female,30,Female,,,Au Pair,family,Neutral,,,,,,,,,,,,,,,
Fraîche,10:15,35,Female,30,Female,,,school,family,Neutral,,,,,,,,,,,,,,,
Coho,5:00 PM,40,M,50,M,,,comadre(relative),family,informal,work uniform,blue collar worker,no,Hispanic,,,,,,,,,,,